date,taxi_trips,fhv_trips,log_taxi,log_fhv,d1_taxi,d1_fhv,d7_taxi,d7_fhv,final_taxi,final_fhv
2020-03-31,9446,20232,9.153346650456063,9.915020788349802,-0.01398183092682892,-0.070553535184435745,-0.13589127572561388,-0.14085388837167123,0.12190944479878496,0.07030035318723549
2020-04-01,9468,21349,9.155672970633875,9.968760179152325,0.002326320177811425,0.05373939080252299,-0.055873669136419224,-0.015537064509370424,0.05819998931423065,0.06927645531189341
2020-04-02,8786,20038,9.080914824535725,9.905385749819208,-0.07475814609814968,-0.06337442933311621,-0.0494774708914818,-0.009248620837661647,-0.02528067520666788,-0.054125808495454564
2020-04-03,10309,21878,9.240772579096385,9.993236844679735,0.15985775456065987,0.08785109486052711,0.09917227234396897,0.034650676464865526,0.0606854822166909,0.053200418395661586
2020-04-04,6396,15169,8.763428073953845,9.627009150591672,-0.4773445051425398,-0.36622769408806377,-0.43375243170604527,-0.32084058251195025,-0.043592073436494516,-0.045387111576113526
2020-04-05,5046,10426,8.526351129201004,9.252057965328051,-0.23707694475284136,-0.3749511852636207,-0.3204864520571409,-0.3911544765179489,0.08340950730429952,0.016203291254328178
2020-04-06,8270,19838,9.020389788017736,9.895354569305939,0.4940386588167325,0.6432966039778876,0.5475787016415623,0.5726196914963371,-0.053540042824829825,0.0706769124815505
2020-04-07,7886,19082,8.972844314437573,9.856500761311791,-0.047545473580163033,-0.038853807994147616,-0.01398183092682892,-0.070553535184435745,-0.033563642653334114,0.03169972719028813
2020-04-08,7915,18964,8.976514972315112,9.85029772402201,0.00367065787753873,-0.006203037289781221,0.002326320177811425,0.05373939080252299,0.0013443376997273049,-0.05994242809230421
2020-04-09,7827,17619,8.965334573804839,9.77673314419063,-0.011180398510273193,-0.07356457983138043,-0.07475814609814968,-0.06337442933311621,0.06357774758787649,-0.010190150498264217
2020-04-10,8585,18566,9.057771773331575,9.829087229959878,0.09243719952673679,0.052354085769248826,0.15985775456065987,0.08785109486052711,-0.06742055503392308,-0.035497009091278287
2020-04-11,6269,14855,8.743372131273969,9.606091787896707,-0.31439964205760695,-0.222995442063171,-0.4773445051425398,-0.36622769408806377,0.16294486308493283,0.14323225202489276
2020-04-12,4432,10086,8.39660622842712,9.21890360263667,-0.34676590284684927,-0.38718818526003673,-0.23707694475284136,-0.3749511852636207,-0.10968895809400792,-0.012236999996416031
2020-04-13,7469,19235,8.918516400357067,9.864486815186396,0.5219101719299477,0.6455832125497256,0.4940386588167325,0.6432966039778876,0.02787151311321523,0.0022866085718380447
2020-04-14,8329,18812,9.02749867993534,9.842250243064939,0.10898227957827267,-0.022236572121457243,-0.047545473580163033,-0.038853807994147616,0.1565277531584357,0.016617235872690372
2020-04-15,8303,19229,9.02437217426203,9.864174835150587,-0.00312650567330941,0.021924592085648342,0.00367065787753873,-0.006203037289781221,-0.00679716355084814,0.028127629375429564
2020-04-16,8495,19506,9.047233034106032,9.87847738953196,0.02286085984400188,0.014302554381373511,-0.011180398510273193,-0.07356457983138043,0.03404125835427507,0.08786713421275394
2020-04-17,9672,21873,9.176990392294629,9.99300827847454,0.12975735818859668,0.11453088894258023,0.09243719952673679,0.052354085769248826,0.03732015866185989,0.06217680317333141
2020-04-18,5808,15622,8.666991556504632,9.656435456170243,-0.5099988357899967,-0.33657282230429786,-0.31439964205760695,-0.222995442063171,-0.19559919373238976,-0.11357738024112685
2020-04-19,5122,11394,8.541300266759471,9.34084218004034,-0.12569128974516097,-0.31559327612990273,-0.34676590284684927,-0.38718818526003673,0.2210746131016883,0.071594909130134
2020-04-20,8134,21198,9.00380808646717,9.9616621165872,0.4625078197076995,0.6208199365468605,0.5219101719299477,0.6455832125497256,-0.05940235222224821,-0.024763276002865098
2020-04-21,8085,20268,8.997765772011208,9.9167985665958,-0.006042314455962483,-0.044863549991401186,0.10898227957827267,-0.022236572121457243,-0.11502459403423515,-0.022626977869943943
2020-04-22,8624,21682,9.06230429314878,9.984237702221238,0.06453852113757108,0.06743913562543824,-0.00312650567330941,0.021924592085648342,0.06766502681088049,0.0455145435397899
2020-04-23,8720,21696,9.073374516903025,9.984883190740122,0.01107022375424549,6.454885188844628e-4,0.02286085984400188,0.014302554381373511,-0.01179063608975639,-0.013657065862489048
2020-04-24,9395,23793,9.147932911847565,10.077146698751429,0.07455839494454075,0.09226350801130678,0.12975735818859668,0.11453088894258023,-0.05519896324405593,-0.02226738093127345
2020-04-25,7219,17880,8.88447171813916,9.791438048727505,-0.26346119370840526,-0.2857086500239241,-0.5099988357899967,-0.33657282230429786,0.24653764208159146,0.050864172280373765
2020-04-26,4992,12779,8.515591910049263,9.455558477608703,-0.36887980808989695,-0.3358795711188023,-0.12569128974516097,-0.31559327612990273,-0.24318851834473598,-0.020286294988899556
2020-04-27,8904,22952,9.094255892955381,10.0411603576612,0.578663982906118,0.5856018800524971,0.4625078197076995,0.6208199365468605,0.11615616319841848,-0.03521805649436338
2020-04-28,9457,22844,9.154510487015513,10.036443779784754,0.06025459406013134,-0.004716577876445527,-0.006042314455962483,-0.044863549991401186,0.06629690851609382,0.04014697211495566
2020-04-29,9683,23822,9.17812704961153,10.078364802440847,0.023616562596018298,0.04192102265609243,0.06453852113757108,0.06743913562543824,-0.04092195854155278,-0.025518112969345808
2020-04-30,10283,23971,9.23824732522919,10.08460004537341,0.06012027561765976,0.0062352429325631675,0.01107022375424549,6.454885188844628e-4,0.04905005186341427,0.005589754413678705
2020-05-01,11893,26375,9.383705270727246,10.180171870778368,0.14545794549805535,0.09557182540495823,0.07455839494454075,0.09226350801130678,0.0708995505535146,0.00330831739365145
2020-05-02,8450,20428,9.041921720351219,9.924661787767535,-0.3417835503760269,-0.255510083010833,-0.26346119370840526,-0.2857086500239241,-0.07832235666762166,0.030198567013091093
2020-05-03,6416,15599,8.766550149546351,9.654962088618868,-0.27537157080486807,-0.2696996991486671,-0.36887980808989695,-0.3358795711188023,0.09350823728502888,0.0661798719701352
2020-05-04,10799,25799,9.28720881623276,10.15809101046861,0.5206586666864084,0.5031289218497417,0.578663982906118,0.5856018800524971,-0.05800531621970961,-0.08247295820275546
2020-05-05,11205,24505,9.324115386235027,10.106632457343649,0.03690657000226771,-0.05145855312496117,0.06025459406013134,-0.004716577876445527,-0.023348024057863626,-0.046741975248515644
2020-05-06,11960,24911,9.389323027504624,10.123064751970729,0.06520764126959655,0.01643229462708007,0.023616562596018298,0.04192102265609243,0.04159107867357825,-0.025488728029012364
2020-05-07,12065,24988,9.398063978059133,10.12615098861346,0.008740950554509297,0.0030862366427317767,0.06012027561765976,0.0062352429325631675,-0.05137932506315046,-0.003149006289831391
2020-05-08,13136,27094,9.48311183169221,10.207067580140682,0.08504785363307654,0.08091659152722208,0.14545794549805535,0.09557182540495823,-0.06041009186497881,-0.014655233877736151
2020-05-09,8609,20348,9.060563446657955,9.920737905942655,-0.4225483850342542,-0.28632967419802746,-0.3417835503760269,-0.255510083010833,-0.08076483465822726,-0.03081959118719446
2020-05-10,7605,18033,8.936561204693394,9.799958691707271,-0.12400224196456122,-0.12077921423538385,-0.27537157080486807,-0.2696996991486671,0.15136932884030685,0.14892048491328325
2020-05-11,11885,25994,9.383032379794294,10.165621021141535,0.44647117510089984,0.36566232943426336,0.5206586666864084,0.5031289218497417,-0.07418749158550852,-0.13746659241547832
2020-05-12,12190,25029,9.408371222475317,10.127790431570185,0.025338842681023266,-0.03783058957134955,0.03690657000226771,-0.05145855312496117,-0.011567727321244448,0.013627963553611622
2020-05-13,13019,26534,9.474165107897397,10.186182208476863,0.06579388542207987,0.05839177690667796,0.06520764126959655,0.01643229462708007,5.862441524833173e-4,0.04195948227959789
2020-05-14,13210,26101,9.488729397516371,10.169728906753061,0.014564289618974158,-0.016453301723801772,0.008740950554509297,0.0030862366427317767,0.005823339064464861,-0.01953953836653355
2020-05-15,14576,28948,9.58713161949974,10.273256395986019,0.09840222198336868,0.10352748923295785,0.08504785363307654,0.08091659152722208,0.013354368350292134,0.022610897705735766
2020-05-16,10257,22267,9.235715678307411,10.010861040804457,-0.3514159411923288,-0.2623953551815621,-0.4225483850342542,-0.28632967419802746,0.07113244384192541,0.023934319016465366
2020-05-17,7403,17310,8.909640602443098,9.759039648170255,-0.3260750758643134,-0.2518213926342021,-0.12400224196456122,-0.12077921423538385,-0.20207283389975217,-0.13104217839881827
2020-05-18,12073,27550,9.398726833332388,10.223757814581061,0.48908623088929026,0.46471816641080643,0.44647117510089984,0.36566232943426336,0.04261505578839042,0.09905583697654308
2020-05-19,12224,26645,9.411156511406302,10.190356794730883,0.012429678073914374,-0.03340101985017796,0.025338842681023266,-0.03783058957134955,-0.012909164607108892,0.004429569721171589
2020-05-20,12677,28211,9.447544606938727,10.247467251790306,0.03638809553242517,0.05711045705942297,0.06579388542207987,0.05839177690667796,-0.0294057898896547,-0.0012813198472549914
2020-05-21,12807,27636,9.457747175426071,10.226874549608686,0.01020256848734391,-0.020592702181620126,0.014564289618974158,-0.016453301723801772,-0.004361721131630247,-0.004139400457818354
2020-05-22,13993,29807,9.546312483555713,10.302498544237826,0.0885653081296418,0.07562399462914016,0.09840222198336868,0.10352748923295785,-0.00983691385372687,-0.02790349460381769
2020-05-23,8009,22382,8.988321188323683,10.016012343377973,-0.5579912952320303,-0.2864862008598532,-0.3514159411923288,-0.2623953551815621,-0.2065753540397015,-0.024090845678291117
2020-05-24,7984,19653,8.9851948179913,9.885985277399985,-0.003126370332383388,-0.13002706597798763,-0.3260750758643134,-0.2518213926342021,0.32294870553193,0.12179432665621448
2020-05-25,7664,22302,8.944289319650697,10.012431639525307,-0.040905498340602975,0.12644636212532134,0.48908623088929026,0.46471816641080643,-0.5299917292298932,-0.3382718042854851
2020-05-26,13078,29920,9.478686708121222,10.306282432088414,0.5343973884705253,0.29385079256310753,0.012429678073914374,-0.03340101985017796,0.5219677103966109,0.3272518124132855
2020-05-27,14262,30353,9.565353936588249,10.320650638390102,0.0866672284670269,0.014368206301687891,0.03638809553242517,0.05711045705942297,0.050279132934601733,-0.04274225075773508
2020-05-28,13586,29645,9.516795129751248,10.297048756141468,-0.048558806837000645,-0.023601882248634354,0.01020256848734391,-0.020592702181620126,-0.058761375324344556,-0.0030091800670142277
2020-05-29,15176,31052,9.62747051161485,10.34341849752557,0.1106753818636026,0.04636974138410288,0.0885653081296418,0.07562399462914016,0.02211007373396079,-0.029254253245037276
2020-05-30,11331,25751,9.335297611380566,10.156228740289281,-0.2921729002342843,-0.18718975723628972,-0.5579912952320303,-0.2864862008598532,0.26581839499774595,0.09929644362356349
2020-05-31,8826,21304,9.085457189829492,9.966650127493768,-0.2498404215510739,-0.18957861279551302,-0.003126370332383388,-0.13002706597798763,-0.2467140512186905,-0.05955154681752539
2020-06-01,14670,32976,9.593559871137028,10.40353530313024,0.5081026813075358,0.43688517563647267,-0.040905498340602975,0.12644636212532134,0.54900817964813875,0.3104388135111513
2020-06-02,14958,28667,9.613001552751612,10.263501914406909,0.019441681614583928,-0.1400333887233316,0.5343973884705253,0.29385079256310753,-0.5149557068559414,-0.43388418128643913
2020-06-03,14990,30344,9.615138591096644,10.320354083368734,0.002137038345031428,0.0568521689618251,0.0866672284670269,0.014368206301687891,-0.08453019012199547,0.04248396266013721
2020-06-04,15836,30711,9.670041108226021,10.33237617558788,0.05490251712937777,0.012022092219146074,-0.048558806837000645,-0.023601882248634354,0.10346132396637842,0.03562397446778043
2020-06-05,16501,31654,9.711176264112805,10.362619801893228,0.04113515588678318,0.030243626305347604,0.1106753818636026,0.04636974138410288,-0.06954022597681941,-0.016126115078755276
2020-06-06,12131,23735,9.40351943877092,10.074706030985418,-0.3076568253418852,-0.2879137709078101,-0.2921729002342843,-0.18718975723628972,-0.015483925107600882,-0.1007240136715204
2020-06-07,9907,20699,9.20099685697303,9.937840668907791,-0.20252258179788996,-0.13686536207762678,-0.2498404215510739,-0.18957861279551302,0.04731783975318393,0.05271325071788624
2020-06-08,16974,34721,9.739438040529622,10.45509997020284,0.5384411835565928,0.5172593012950486,0.5081026813075358,0.43688517563647267,0.030338502249056987,0.08037412565857593
2020-06-09,17721,35048,9.782505655975346,10.464473829493734,0.04306761544572346,0.009373859290894515,0.019441681614583928,-0.1400333887233316,0.023625933831139534,0.1494072480142261
2020-06-10,18018,36770,9.799126537211386,10.512437574295317,0.01662088123604022,0.047963744801583275,0.002137038345031428,0.0568521689618251,0.014483842891008791,-0.008888424160241826
2020-06-11,17823,35015,9.78824503702385,10.463531820089617,-0.010881500187535309,-0.04890575420570009,0.05490251712937777,0.012022092219146074,-0.06578401731691308,-0.060927846424846166
2020-06-12,20108,38003,9.908873024812467,10.545420382960764,0.12062798778861605,0.08188856287114632,0.04113515588678318,0.030243626305347604,0.07949283190183287,0.051644936565798716
2020-06-13,14072,29822,9.551942286417393,10.303001655150853,-0.3569307383950733,-0.2424187278099108,-0.3076568253418852,-0.2879137709078101,-0.04927391305318807,0.04549504309789931
2020-06-14,10891,23494,9.295692039075686,10.064500348383831,-0.25625024734170765,-0.23850130676702186,-0.20252258179788996,-0.13686536207762678,-0.05372766554381769,-0.10163594468939507
2020-06-15,18274,36051,9.813234563558566,10.492689881579409,0.5175425244828809,0.42818953319557806,0.5384411835565928,0.5172593012950486,-0.02089865907371191,-0.08906976809947054
2020-06-16,19661,35278,9.886392257107492,10.471014819171423,0.0731576935489251,-0.021675062407986445,0.04306761544572346,0.009373859290894515,0.030090078103201634,-0.03104892169888096
2020-06-17,19975,36553,9.902236770634476,10.506518541152964,0.015844513526984016,0.0355037219815415,0.01662088123604022,0.047963744801583275,-7.763677090562027e-4,-0.012460022820041772
2020-06-18,20301,36637,9.918425424900335,10.508813937706645,0.016188654265858915,0.0022953965536807175,-0.010881500187535309,-0.04890575420570009,0.027070154453394224,0.05120115075938081
2020-06-19,22291,38650,10.011938288540932,10.562302054015568,0.09351286364059774,0.05348811630892314,0.12062798778861605,0.08188856287114632,-0.02711512414801831,-0.02840044656222318
2020-06-20,14803,31180,9.602585141913492,10.347532142611767,-0.40935314662744027,-0.21476991140380086,-0.3569307383950733,-0.2424187278099108,-0.05242240823236699,0.027648816406109944
2020-06-21,12829,25721,9.45946351224934,10.155063057844572,-0.14312162966415265,-0.19246908476719504,-0.25625024734170765,-0.23850130676702186,0.113128617677555,0.04603222199982682
2020-06-22,23092,40409,10.047241516180824,10.60680781141641,0.5877780039314846,0.4517447535718375,0.5175425244828809,0.42818953319557806,0.07023547944860375,0.023555220376259456
2020-06-23,24666,39242,10.113181056125933,10.577502880780047,0.06593953994510926,-0.029304930636362414,0.0731576935489251,-0.021675062407986445,-0.007218153603815836,-0.007629868228375969
2020-06-24,24945,40027,10.124428680295138,10.597309505386036,0.011247624169204329,0.019806624605989143,0.015844513526984016,0.0355037219815415,-0.004596889357779688,-0.01569709737555236
2020-06-25,25696,39546,10.154090616746489,10.585219830280774,0.029661936451351067,-0.012089675105261932,0.016188654265858915,0.0022953965536807175,0.013473282185492153,-0.01438507165894265
2020-06-26,26228,41545,10.17458282138351,10.634532456099082,0.02049220463702106,0.049312625818307865,0.09351286364059774,0.05348811630892314,-0.07302065900357668,-0.0041754904906152746
2020-06-27,17215,32283,9.753536375772624,10.382296054868503,-0.42104644561088556,-0.25223640123057933,-0.40935314662744027,-0.21476991140380086,-0.011693298983445288,-0.03746648982677847
2020-06-28,15201,26036,9.62911649414402,10.167235474692278,-0.1244198816286044,-0.21506058017622465,-0.14312162966415265,-0.19246908476719504,0.01870174803554825,-0.022591495409029605
2020-06-29,24842,41031,10.12029104810414,10.62208315754966,0.49117455396011955,0.4548476828573822,0.5877780039314846,0.4517447535718375,-0.09660344997136505,0.0031029292855446755
2020-06-30,25159,39758,10.132970964396517,10.590566357694467,0.012679916292377413,-0.03151679985519351,0.06593953994510926,-0.029304930636362414,-0.05325962365273185,-0.0022118692188310973
2020-07-01,25525,39127,10.147413643032866,10.574568044746826,0.014442678636349626,-0.01599831294764087,0.011247624169204329,0.019806624605989143,0.0031950544671452974,-0.03580493755363001
2020-07-02,27359,40085,10.216800821360927,10.598757478477053,0.06938717832806063,0.02418943373022664,0.029661936451351067,-0.012089675105261932,0.03972524187670956,0.03627910883548857
2020-07-03,20377,33830,9.922162092800937,10.429103261774754,-0.29463872855999007,-0.1696542167022983,0.02049220463702106,0.049312625818307865,-0.31513093319701113,-0.21896684252060616
2020-07-04,14476,25861,9.580247384683632,10.16049132133844,-0.3419147081173044,-0.26861194043631365,-0.42104644561088556,-0.25223640123057933,0.07913173749358116,-0.016375539205734313
2020-07-05,14450,22126,9.578449693540579,10.004508666594857,-0.0017976911430537257,-0.15598265474358364,-0.1244198816286044,-0.21506058017622465,0.12262219048555068,0.05907792543264101
2020-07-06,24504,38469,10.10659164851261,10.557608001127225,0.5281419549720319,0.5530993345323676,0.49117455396011955,0.4548476828573822,0.036967401011912315,0.0982516516749854
2020-07-07,26050,38179,10.167773047181512,10.550040905213313,0.06118139866890182,-0.007567095913911359,0.012679916292377413,-0.03151679985519351,0.04850148237652441,0.023949703941282152
2020-07-08,27038,39909,10.20499856292435,10.594357141352015,0.037225515742838056,0.044316236138701726,0.014442678636349626,-0.01599831294764087,0.02278283710648843,0.060314549086342595
2020-07-09,28953,40119,10.273429104575246,10.599605316540906,0.0684305416508959,0.005248175188890869,0.06938717832806063,0.02418943373022664,-9.566366771647239e-4,-0.01894125854133577
2020-07-10,24098,40625,10.089884128483222,10.612138919632038,-0.18354497609202447,0.01253360309113205,-0.29463872855999007,-0.1696542167022983,0.1110937524679656,0.18218781979343035
2020-07-11,18585,29209,9.830110082731352,10.282232159944682,-0.25977404575187,-0.32990675968735594,-0.3419147081173044,-0.26861194043631365,0.08214066236543438,-0.0612948192510423
2020-07-12,17086,23989,9.746014693711563,10.085350670929921,-0.08409538901978841,-0.19688148901476055,-0.0017976911430537257,-0.15598265474358364,-0.08229769787673469,-0.04089883427117691
2020-07-13,25869,40040,10.160800619620435,10.597634233429156,0.41478592590887153,0.5122835624992348,0.5281419549720319,0.5530993345323676,-0.11335602906316034,-0.0408157720331328
2020-07-14,28472,39245,10.256676427190028,10.577579326560913,0.09587580756959291,-0.02005490686824274,0.06118139866890182,-0.007567095913911359,0.03469440890069109,-0.01248781095433138
2020-07-15,29304,40208,10.28547930445865,10.601821259783373,0.02880287726862285,0.024241933222459267,0.037225515742838056,0.044316236138701726,-0.008422638474215205,-0.02007430291624246
2020-07-16,29279,39134,10.284625814486557,10.574746933338044,-8.534899720942235e-4,-0.027074326445328367,0.0684305416508959,0.005248175188890869,-0.06928403162299013,-0.032322501634219236
2020-07-17,27890,39869,10.236023480621535,10.59335435854593,-0.04860233386502166,0.018607425207886052,-0.18354497609202447,0.01253360309113205,0.1349426422270028,0.006073822116754002
2020-07-18,21800,30972,9.98966524877718,10.340838849506614,-0.24635823184435424,-0.2525155090393163,-0.25977404575187,-0.32990675968735594,0.013415813907515783,0.07739125064803964
2020-07-19,17011,23573,9.741615472609583,10.067857268271947,-0.2480497761675977,-0.2729815812346672,-0.08409538901978841,-0.19688148901476055,-0.1639543871478093,-0.07610009221990666
2020-07-20,27104,40373,10.207436597451782,10.605916523694313,0.46582112484219884,0.5380592554223664,0.41478592590887153,0.5122835624992348,0.05103519893332731,0.025775692923131643
2020-07-21,29470,39228,10.29112807573174,10.57714605651221,0.08369147827995782,-0.02877046718210252,0.09587580756959291,-0.02005490686824274,-0.012184329289635087,-0.008715560313859783
2020-07-22,31478,41248,10.357044168111546,10.627357905738913,0.06591609237980656,0.0502118492267023,0.02880287726862285,0.024241933222459267,0.037113215111183706,0.025969916004243032
2020-07-23,30117,40407,10.312845075359636,10.606758316266925,-0.04419909275191003,-0.020599589471988367,-8.534899720942235e-4,-0.027074326445328367,-0.043345602779815806,0.006474736973340001
2020-07-24,29194,40838,10.281718487690524,10.61736829948298,-0.031126587669112027,0.010609983216054886,-0.04860233386502166,0.018607425207886052,0.017475746195909636,-0.007997441991831167
2020-07-25,24142,31744,10.091708341261072,10.3654590100846,-0.19001014642945258,-0.2519092893983803,-0.24635823184435424,-0.2525155090393163,0.05634808541490166,6.062196409359899e-4
2020-07-26,17541,23799,9.77229627684378,10.077398841970112,-0.31941206441729086,-0.2880601681144874,-0.2480497761675977,-0.2729815812346672,-0.07136228824969315,-0.015078586879820222
2020-07-27,28731,41639,10.265731958189729,10.636792507070695,0.4934356813459484,0.5593936651005826,0.46582112484219884,0.5380592554223664,0.027614556503749554,0.021334409678216204
2020-07-28,31953,40725,10.372021352111275,10.614597433470246,0.10628939392154635,-0.022195073600448367,0.08369147827995782,-0.02877046718210252,0.02259791564158853,0.006575393581654154
2020-07-29,34146,41789,10.438400727831178,10.640388425985996,0.06637937571990271,0.025790992515750233,0.06591609237980656,0.0502118492267023,4.6328334009615446e-4,-0.024420856710952066
2020-07-30,33873,39946,10.430373515848633,10.595283821025117,-0.008027211982545523,-0.04510460496087987,-0.04419909275191003,-0.020599589471988367,0.036171880769364506,-0.0245050154888915
2020-07-31,34555,41024,10.450307536525495,10.621912540280341,0.01993402067686212,0.02662871925522481,-0.031126587669112027,0.010609983216054886,0.051060608345974146,0.016018736039169923
2020-08-01,27646,34105,10.227236331024303,10.43719928008882,-0.22307120550119208,-0.184713260191522,-0.19001014642945258,-0.2519092893983803,-0.03306105907173951,0.0671960292068583
2020-08-02,19455,26400,9.875859385418654,10.181119289134408,-0.351376945605649,-0.2560799909544116,-0.31941206441729086,-0.2880601681144874,-0.03196488118835816,0.03198017716007584
2020-08-03,32429,42689,10.386808363179929,10.661696554788023,0.5109489777612755,0.4805772656536149,0.4934356813459484,0.5593936651005826,0.017513296415327062,-0.07881639944696772
2020-08-04,26186,36721,10.172980195787698,10.51110407747908,-0.2138281673922311,-0.1505924773089422,0.10628939392154635,-0.022195073600448367,-0.32011756131377744,-0.12839740370849384
2020-08-05,35980,41349,10.490718507504525,10.629803516362548,0.31773831171682687,0.11869943888346768,0.06637937571990271,0.025790992515750233,0.25135893599692416,0.09290844636771745
2020-08-06,36492,41394,10.504848337465365,10.630891221774164,0.014129829960840112,0.0010877054116154028,-0.008027211982545523,-0.04510460496087987,0.022157041943385636,0.04619231037249527
2020-08-07,35530,41564,10.478132689015073,10.634989686972537,-0.02671564845029195,0.004098465198373091,0.01993402067686212,0.02662871925522481,-0.04664966912715407,-0.022530254056851717
2020-08-08,26839,32693,10.197611332567385,10.394916266691387,-0.2805213564476876,-0.2400734202811492,-0.22307120550119208,-0.184713260191522,-0.057450150946495526,-0.055360160089627186
2020-08-09,21514,26574,9.976459164991951,10.187688573151252,-0.22115216757543443,-0.20722769354013515,-0.351376945605649,-0.2560799909544116,0.1302247780302146,0.048852297414276435
2020-08-10,32457,42414,10.387671415355683,10.65523377539901,0.4112122503637323,0.46754520224775753,0.5109489777612755,0.4805772656536149,-0.09973672739754313,-0.013032063405857386
2020-08-11,35234,41479,10.469766804487085,10.632942554049004,0.08209538913140157,-0.02229122135000594,-0.2138281673922311,-0.1505924773089422,0.29592355652363267,0.12830125595893627
2020-08-12,36875,42169,10.51528909364212,10.649440632919003,0.04552228915503598,0.016498078869998878,0.31773831171682687,0.11869943888346768,-0.2722160225617909,-0.1022013600134688
2020-08-13,35772,41072,10.484920743466072,10.623081903110922,-0.03036835017604922,-0.02635872980808074,0.014129829960840112,0.0010877054116154028,-0.04449818013688933,-0.02744643521969614
2020-08-14,36994,42516,10.518511016314495,10.657635754653473,0.0335902728484232,0.03455385154255097,-0.02671564845029195,0.004098465198373091,0.06030592129871515,0.03045538634417788
2020-08-15,29442,33540,10.290177505317958,10.4204940353772,-0.22833351099653676,-0.23714171927627348,-0.2805213564476876,-0.2400734202811492,0.05218784545115085,0.0029317010048757197
2020-08-16,19068,25328,9.855766816324715,10.139665782120794,-0.43441068899324264,-0.2808282532564057,-0.22115216757543443,-0.20722769354013515,-0.2132585214178082,-0.07360055971627055
2020-08-17,32680,40920,10.39451854897394,10.619374220065563,0.5387517326492244,0.4797084379447689,0.4112122503637323,0.46754520224775753,0.12753948228549206,0.012163235697011388
2020-08-18,36726,41646,10.511240230079125,10.636960604567639,0.11672168110518477,0.017586384502076058,0.08209538913140157,-0.02229122135000594,0.034626291973783196,0.039877605852082
2020-08-19,36612,42542,10.50813133450467,10.658247102223596,-0.0031088955744547064,0.02128649765595725,0.04552228915503598,0.016498078869998878,-0.048631184729490684,0.0047884187859583704
2020-08-20,38725,42338,10.56424066528507,10.653440306917526,0.0561093307803997,-0.0048067953060701996,-0.03036835017604922,-0.02635872980808074,0.08647768095644892,0.02155193450201054
2020-08-21,38423,43705,10.556411517605202,10.685217791014589,-0.007829147679867532,0.031777484097062825,0.0335902728484232,0.03455385154255097,-0.04141942052829073,-0.002776367445488148
2020-08-22,30751,34562,10.333677793031093,10.450510091613937,-0.222733724574109,-0.2347076994006514,-0.22833351099653676,-0.23714171927627348,0.005599786422427755,0.0024340198756220843
2020-08-23,23241,26930,10.053673239300013,10.200996185805645,-0.28000455373108046,-0.2495139058082927,-0.43441068899324264,-0.2808282532564057,0.15440613526216218,0.03131434744811301
2020-08-24,34475,42334,10.447989702661502,10.653345824680116,0.3943164633614895,0.45234963887447144,0.5387517326492244,0.4797084379447689,-0.14443526928773487,-0.02735879907029748
2020-08-25,38696,41322,10.56349151450282,10.629150324772754,0.1155018118413178,-0.02419549990736236,0.11672168110518477,0.017586384502076058,-0.0012198692638669684,-0.04178188440943842
2020-08-26,39507,42643,10.58423315037833,10.660618412837621,0.0207416358755097,0.03146808806486767,-0.0031088955744547064,0.02128649765595725,0.023850531449964407,0.010181590408910424
2020-08-27,38537,42835,10.55937409773463,10.665110804398145,-0.024859052643700252,0.004492391560523501,0.0561093307803997,-0.0048067953060701996,-0.08096838342409995,0.0092991868665937
2020-08-28,39866,43406,10.593279109282712,10.67835295938093,0.03390501154808234,0.013242154982785692,-0.007829147679867532,0.031777484097062825,0.041734159227949874,-0.018535329114277133
2020-08-29,28033,31705,10.241137666615815,10.364229676134132,-0.3521414426668965,-0.31412328324679883,-0.222733724574109,-0.2347076994006514,-0.1294077180927875,-0.07941558384614744
2020-08-30,27078,27747,10.206476869055056,10.23088300522237,-0.03466079756075935,-0.13334667091176122,-0.28000455373108046,-0.2495139058082927,0.24534375617032111,0.11616723489653147
2020-08-31,36019,42692,10.491801855990317,10.661766828033855,0.28532498693526165,0.4308838228114844,0.3943164633614895,0.45234963887447144,-0.10899147642622786,-0.02146581606298703
2020-09-01,39688,45404,10.588804153980885,10.72335548587523,0.09700229799056714,0.06158865784137468,0.1155018118413178,-0.02419549990736236,-0.01849951385075066,0.08578415774873704
2020-09-02,41527,46371,10.634099097078431,10.744429542820429,0.04529494309754689,0.02107405694519926,0.0207416358755097,0.03146808806486767,0.02455330722203719,-0.010394031119668412
2020-09-03,43060,47787,10.670349770918355,10.774508914962748,0.03625067383992331,0.03007937214231937,-0.024859052643700252,0.004492391560523501,0.06110972648362356,0.02558698058179587
2020-09-04,41981,47247,10.64497241395799,10.76314443884269,-0.02537735696036414,-0.011364476120057532,0.03390501154808234,0.013242154982785692,-0.05928236850844648,-0.024606631102843224
2020-09-05,30987,35304,10.341323040674743,10.471751550949383,-0.3036493732832479,-0.2913928878933074,-0.3521414426668965,-0.31412328324679883,0.048492069383648584,0.022730395353491417
2020-09-06,25360,29189,10.140928408551162,10.281547204953691,-0.20039463212358122,-0.19020434599569214,-0.03466079756075935,-0.13334667091176122,-0.16573383456282187,-0.056857675083930914
2020-09-07,25354,29468,10.140691787498673,10.291060207802705,-2.366210524886725e-4,0.009513002849013574,0.28532498693526165,0.4308838228114844,-0.2855616079877503,-0.42137081996247083
2020-09-08,43457,47140,10.679527222435633,10.760877176490123,0.53883543493696,0.46981696868741807,0.09700229799056714,0.06158865784137468,0.4418331369463928,0.4082283108460434
2020-09-09,47655,47229,10.771742835371727,10.762763389682739,0.09221561293609426,0.0018862131926162817,0.04529494309754689,0.02107405694519926,0.04692066983854737,-0.019187843752582978
2020-09-10,48295,48172,10.785083314613397,10.78253321838037,0.013340479241669811,0.019769828697631553,0.03625067383992331,0.03007937214231937,-0.022910194598253497,-0.010309543444687819
2020-09-11,50521,47668,10.83014437040946,10.772015592210696,0.04506105579606334,-0.010517626169674443,-0.02537735696036414,-0.011364476120057532,0.07043841275642748,8.468499503830884e-4
2020-09-12,41372,35512,10.630359602497695,10.477625946513871,-0.19978476791176547,-0.2943896456968247,-0.3036493732832479,-0.2913928878933074,0.10386460537148245,-0.0029967578035172693
2020-09-13,29470,27816,10.29112807573174,10.233366673687698,-0.33923152676595514,-0.24425927282617366,-0.20039463212358122,-0.19020434599569214,-0.13883689464237392,-0.05405492683048152
2020-09-14,44625,46738,10.70604951908194,10.752312817275751,0.41492144335020065,0.5189461435880531,-2.366210524886725e-4,0.009513002849013574,0.4151580644026893,0.5094331407390396
2020-09-15,49742,46605,10.814604925636285,10.749463110495258,0.10855540655434481,-0.002849706780493122,0.53883543493696,0.46981696868741807,-0.43028002838261514,-0.4726666754679112
2020-09-16,51389,47588,10.847179420758222,10.770335907596417,0.032574495121936664,0.02087279710115908,0.09221561293609426,0.0018862131926162817,-0.059641117814157596,0.018986583908542798
2020-09-17,53075,47047,10.879461286571457,10.75890238102528,0.032281865813235555,-0.011433526571137165,0.013340479241669811,0.019769828697631553,0.018941386571565744,-0.031203355268768718
2020-09-18,54215,48177,10.900712901906282,10.782637007729601,0.021251615334824336,0.02373462670432147,0.04506105579606334,-0.010517626169674443,-0.023809440461239006,0.034252252873995914
2020-09-19,43830,36322,10.688073793412855,10.500178897278444,-0.21263910849342693,-0.28245811045115765,-0.19978476791176547,-0.2943896456968247,-0.012854340581661461,0.011931535245667035
2020-09-20,33839,27827,10.429369262456103,10.233762051368387,-0.25870453095675217,-0.2664168459100562,-0.33923152676595514,-0.24425927282617366,0.08052699580920297,-0.022157573083882554
2020-09-21,46215,46621,10.741059699698878,10.74980636238115,0.3116904372427758,0.516044311012763,0.41492144335020065,0.5189461435880531,-0.10323100610742486,-0.0029018325752900864
2020-09-22,51190,46053,10.843299479451629,10.73754818614131,0.10223977975275034,-0.012258176239839713,0.10855540655434481,-0.002849706780493122,-0.006315626801594476,-0.009408469459346591
2020-09-23,54777,47819,10.911025676804842,10.775178329041257,0.06772619735321328,0.03763014289994615,0.032574495121936664,0.02087279710115908,0.035151702231276616,0.01675734579878707
2020-09-24,56284,47542,10.938165581908146,10.769368809865203,0.02713990510330433,-0.005809519176054323,0.032281865813235555,-0.011433526571137165,-0.005141960709931226,0.005624007395082842
2020-09-25,58829,48177,10.982390209583826,10.782637007729601,0.04422462767568014,0.0132681978643987,0.021251615334824336,0.02373462670432147,0.022973012340855803,-0.01046642883992277
2020-09-26,47145,36142,10.760983237899778,10.495210902958108,-0.22140697168404877,-0.2874261047714928,-0.21263910849342693,-0.28245811045115765,-0.008767863190621838,-0.004967994320335123
2020-09-27,35557,28817,10.478892321614516,10.268720769756413,-0.2820909162852612,-0.2264901332016951,-0.25870453095675217,-0.2664168459100562,-0.023386385328509007,0.03992671270836112
2020-09-28,41203,41630,10.626266348220677,10.636576340189022,0.14737402660616006,0.3678555704326083,0.3116904372427758,0.516044311012763,-0.16431641063661573,-0.14818874058015474
2020-09-29,54054,46949,10.897738825879495,10.75681718515505,0.27147247765881843,0.1202408449660286,0.10223977975275034,-0.012258176239839713,0.1692326979060681,0.13249902120586832
2020-09-30,56196,46675,10.936600858971541,10.750963968409923,0.03886203309204639,-0.0058532167451268435,0.06772619735321328,0.03763014289994615,-0.02886416426116689,-0.043483359645072994
2020-10-01,60607,44950,11.012165676937615,10.713306039899766,0.0755648179660735,-0.037657928510157035,0.02713990510330433,-0.005809519176054323,0.048424912862769176,-0.03184840933410271
2020-10-02,59094,46104,10.986884675397757,10.738654993116501,-0.025281001539857684,0.025348953216735026,0.04422462767568014,0.0132681978643987,-0.06950562921553782,0.012080755352336325
2020-10-03,49260,35364,10.804867671674529,10.473449632525694,-0.18201700372322804,-0.2652053605908069,-0.22140697168404877,-0.2874261047714928,0.039389967960820726,0.02222074418068587
2020-10-04,34494,26747,10.448540674851346,10.194177596502213,-0.35632699682318325,-0.2792720360234817,-0.2820909162852612,-0.2264901332016951,-0.07423608053792208,-0.05278190282178663
2020-10-05,47744,44173,10.773608683563433,10.695869021686462,0.32506800871208696,0.5016914251842497,0.14737402660616006,0.3678555704326083,0.1776939821059269,0.1338358547516414
2020-10-06,54181,43680,10.90008557246396,10.684645610418787,0.12647688890052677,-0.011223411267675232,0.27147247765881843,0.1202408449660286,-0.14499558875829166,-0.13146425623370384
2020-10-07,57153,44493,10.953487161283544,10.703087152410072,0.053401588819584234,0.018441541991284893,0.03886203309204639,-0.0058532167451268435,0.014539555727537845,0.024294758736411737
2020-10-08,59721,44109,10.997438996322042,10.694419122245767,0.04395183503849864,-0.008668030164304952,0.0755648179660735,-0.037657928510157035,-0.03161298292757486,0.028989898345852083
2020-10-09,58173,44948,10.971176608550728,10.713261545027793,-0.02626238777131462,0.018842422782025636,-0.025281001539857684,0.025348953216735026,-9.813862314569377e-4,-0.00650653043470939
2020-10-10,48185,34617,10.782803048285388,10.452100169862778,-0.18837356026534025,-0.26116137516501503,-0.18201700372322804,-0.2652053605908069,-0.006356556542112202,0.004043985425791874
2020-10-11,34443,26505,10.447061062761922,10.185088673421907,-0.335741985523466,-0.26701149644087074,-0.35632699682318325,-0.2792720360234817,0.020585011299717237,0.012260539582610974
2020-10-12,42638,40134,10.660501153424487,10.599979134346462,0.21344009066256575,0.41489046092455517,0.32506800871208696,0.5016914251842497,-0.11162791804952121,-0.08680096425969452
2020-10-13,54557,42591,10.90700130566835,10.659398242331683,0.246500152243863,0.059419107985220876,0.12647688890052677,-0.011223411267675232,0.12002326334333624,0.07064251925289611
2020-10-14,59294,43394,10.990263399428283,10.678076461683316,0.08326209375993265,0.018678219351633274,0.053401588819584234,0.018441541991284893,0.02986050494034842,2.3667736034838072e-4
2020-10-15,62948,43914,11.050064267720755,10.689988454829281,0.059800868292471776,0.011911993145965027,0.04395183503849864,-0.008668030164304952,0.015849033253973133,0.02058002331026998
2020-10-16,58372,45300,10.974591601787637,10.721062311471126,-0.07547266593311797,0.0310738566418447,-0.02626238777131462,0.018842422782025636,-0.049210278161803345,0.012231433859819063
2020-10-17,52077,33486,10.86047867153666,10.418882720016489,-0.11411293025097713,-0.302179591454637,-0.18837356026534025,-0.26116137516501503,0.07426063001436312,-0.04101821628962199
2020-10-18,38795,27234,10.56604665132805,10.21222147168452,-0.29443202020861037,-0.20666124833196875,-0.335741985523466,-0.26701149644087074,0.041309965314855646,0.060350248108901994
2020-10-19,51191,44211,10.843319014326264,10.696728905881372,0.27727236299821456,0.4845074341968516,0.21344009066256575,0.41489046092455517,0.06383227233564881,0.06961697327229643
2020-10-20,57412,43339,10.95800861969127,10.676808201450829,0.11468960536500639,-0.019920704430543168,0.246500152243863,0.059419107985220876,-0.13181054687885663,-0.07933981241576404
2020-10-21,59138,44286,10.987628974775781,10.698423878998108,0.029620355084510663,0.021615677547279333,0.08326209375993265,0.018678219351633274,-0.05364173867542199,0.002937458195646059
2020-10-22,62159,43793,11.037450897396036,10.687229266240786,0.04982192262025542,-0.01119461275732192,0.059800868292471776,0.011911993145965027,-0.009978945672216355,-0.023106605903286948
2020-10-23,61789,44499,11.031480634075546,10.703221995991722,-0.005970263320490332,0.015992729750935908,-0.07547266593311797,0.0310738566418447,0.06950240261262763,-0.015081126890908791
2020-10-24,53349,33485,10.88461051241177,10.41885285634415,-0.14687012166377578,-0.2843691396475716,-0.11411293025097713,-0.302179591454637,-0.03275719141279865,0.01781045180706542
2020-10-25,39439,27663,10.582510453425556,10.227851059207252,-0.3021000589862144,-0.1910017971368987,-0.29443202020861037,-0.20666124833196875,-0.007668038777604025,0.015659451195070062
2020-10-26,53401,43447,10.885584751364705,10.67929708343066,0.3030742979391494,0.45144602422340796,0.27727236299821456,0.4845074341968516,0.025801934940934856,-0.033061409973443645
2020-10-27,59660,42921,10.99641705806874,10.667116495634444,0.11083230670403488,-0.012180587796216003,0.11468960536500639,-0.019920704430543168,-0.0038572986609715088,0.0077401166343271655
2020-10-28,62978,44312,11.050540738037729,10.69901079971294,0.05412367996898837,0.031894304078496916,0.029620355084510663,0.021615677547279333,0.024503324884477706,0.010278626531217583
2020-10-29,64845,46078,11.079755085769841,10.738090891650067,0.029214347732112955,0.03908009193712658,0.04982192262025542,-0.01119461275732192,-0.020607574888142466,0.0502747046944485
2020-10-30,66249,47401,11.101175649394925,10.766398604507042,0.02142056362508349,0.028307712856975087,-0.005970263320490332,0.015992729750935908,0.02739082694557382,0.012314983106039179
2020-10-31,57920,35063,10.966818027059597,10.46490172241293,-0.13435762233532778,-0.30149688209411174,-0.14687012166377578,-0.2843691396475716,0.012512499328448001,-0.01712774244654014
2020-11-01,42863,30721,10.665764261911653,10.332701738815134,-0.3010537651479446,-0.13219998359779694,-0.3021000589862144,-0.1910017971368987,0.0010462938382698184,0.058801813539101744
2020-11-02,55257,45956,10.919750308187213,10.735439695973255,0.25398604627556054,0.4027379571581218,0.3030742979391494,0.45144602422340796,-0.04908825166358888,-0.04870806706528619
2020-11-03,49758,42445,10.814926533679259,10.655964399172069,-0.10482377450795433,-0.0794752968011867,0.11083230670403488,-0.012180587796216003,-0.2156560812119892,-0.0672947090049707
2020-11-04,49168,44335,10.802998284370267,10.699529711814108,-0.011928249308992278,0.043565312642039444,0.05412367996898837,0.031894304078496916,-0.06605192927798065,0.011671008563542529
2020-11-05,57463,45230,10.958896541403579,10.719515862471889,0.1558982570333125,0.019986150657780755,0.029214347732112955,0.03908009193712658,0.12668390930119955,-0.019093941279345827
2020-11-06,60808,45512,11.015476638245877,10.725731306430482,0.05658009684229803,0.006215443958593525,0.02142056362508349,0.028307712856975087,0.035159533217214545,-0.022092268898381562
2020-11-07,55121,35144,10.917286047758095,10.467209185655616,-0.098190590487782,-0.2585221207748667,-0.13435762233532778,-0.30149688209411174,0.03616703184754577,0.04297476131924505
2020-11-08,41848,28636,10.641799285050446,10.262419946516076,-0.27548676270764894,-0.20478923913954006,-0.3010537651479446,-0.13219998359779694,0.02556700244029564,-0.07258925554174311
2020-11-09,51948,44958,10.85799849722998,10.713483999592366,0.21619921217953397,0.4510640530762906,0.25398604627556054,0.4027379571581218,-0.03778683409602657,0.04832609591816883
2020-11-10,62154,45205,11.037370455286156,10.718962979171467,0.17937195805617634,0.005478979579100596,-0.10482377450795433,-0.0794752968011867,0.28419573256413067,0.0849542763802873
2020-11-11,58527,43407,10.97724346520537,10.67837599740519,-0.0601269900807857,-0.04058698176627651,-0.011928249308992278,0.043565312642039444,-0.048198740771793425,-0.08415229440831595
2020-11-12,62237,45924,11.038704957176453,10.734743135213703,0.06146149197108208,0.05636713780851288,0.1558982570333125,0.019986150657780755,-0.09443676506223042,0.036380987150732125
2020-11-13,63099,46208,11.052460200543187,10.740908222252498,0.013755243366734504,0.006165087038795036,0.05658009684229803,0.006215443958593525,-0.04282485347556353,-5.0356919798488775e-5
2020-11-14,52007,34534,10.859133603888342,10.449699624972375,-0.19332659665484542,-0.29120859728012327,-0.098190590487782,-0.2585221207748667,-0.09513600616706341,-0.03268647650525658
2020-11-15,34895,28178,10.460098831451251,10.246296810613222,-0.3990347724370906,-0.20340281435915308,-0.27548676270764894,-0.20478923913954006,-0.12354800972944169,0.0013864247803869745
2020-11-16,52148,45661,10.86184110878267,10.72899982085141,0.40174227733141876,0.48270301023818796,0.21619921217953397,0.4510640530762906,0.1855430651518848,0.03163895716189735
2020-11-17,59506,45829,10.993832426785811,10.732672357496405,0.13199131800314134,0.003672536644995006,0.17937195805617634,0.005478979579100596,-0.047380640053034995,-0.0018064429341055899
2020-11-18,62063,46617,11.035905277149839,10.749720560454843,0.0420728503640273,0.017048202958438452,-0.0601269900807857,-0.04058698176627651,0.102199840444813,0.05763518472471496
2020-11-19,61125,46049,11.020676226777173,10.737461325921066,-0.015229050372665753,-0.01225923453377753,0.06146149197108208,0.05636713780851288,-0.07669054234374784,-0.06862637234229041
2020-11-20,61903,46513,11.033323922764843,10.74748712239554,0.01264769598767046,0.010025796474474546,0.013755243366734504,0.006165087038795036,-0.0011075473790640444,0.00386070943567951
2020-11-21,48758,34407,10.794624565526743,10.446015311032632,-0.23869935723810087,-0.3014718113629087,-0.19332659665484542,-0.29120859728012327,-0.045372760583255456,-0.01026321408278541
2020-11-22,32720,28609,10.395741790716682,10.26147663261959,-0.39888277481006007,-0.18453867841304117,-0.3990347724370906,-0.20340281435915308,1.5199762703055342e-4,0.018864135946111915
2020-11-23,52550,45215,10.869520376305097,10.71918416917458,0.47377858558841446,0.45770753655498986,0.40174227733141876,0.48270301023818796,0.0720363082569957,-0.0249954736831981
2020-11-24,56335,45843,10.939071290598266,10.732977794273367,0.06955091429316873,0.013793625098786677,0.13199131800314134,0.003672536644995006,-0.062440403709972614,0.010121088453791671
2020-11-25,51859,45617,10.856283776222593,10.728035733044752,-0.08278751437567244,-0.004942061228614847,0.0420728503640273,0.017048202958438452,-0.12486036473969975,-0.0219902641870533
2020-11-26,24923,32362,10.123546350888414,10.384740173959754,-0.7327374253341787,-0.3432955590849982,-0.015229050372665753,-0.01225923453377753,-0.717508374961513,-0.3310363245512207
2020-11-27,34264,36934,10.441850519295206,10.516887815005818,0.318304168406792,0.13214764104606402,0.01264769598767046,0.010025796474474546,0.30565647241912153,0.12212184457158948
2020-11-28,35806,30405,10.485870756111218,10.32236234755421,0.04402023681601186,-0.1945254674516086,-0.23869935723810087,-0.3014718113629087,0.28271959405411273,0.10694634391130009
2020-11-29,31811,26262,10.367567420904209,10.17587830641895,-0.11830333520700975,-0.1464840411352597,-0.39888277481006007,-0.18453867841304117,0.2805794396030503,0.03805463727778147
2020-11-30,45976,42845,10.735874800187577,10.66534423110322,0.3683073792833689,0.48946592468426964,0.47377858558841446,0.45770753655498986,-0.10547120630504558,0.03175838812927978
2020-12-01,54849,41533,10.912339233996615,10.634243570952991,0.17646443380903776,-0.031100660150228165,0.06955091429316873,0.013793625098786677,0.10691351951586903,-0.04489428524901484
2020-12-02,55903,42119,10.931373324966124,10.648254224275664,0.01903409096950881,0.01401065332267315,-0.08278751437567244,-0.004942061228614847,0.10182160534518125,0.018952714551287997
2020-12-03,56776,42747,10.946868980204819,10.663054296463898,0.015495655238694894,0.014800072188233315,-0.7327374253341787,-0.3432955590849982,0.7482330805728736,0.3580956312732315
2020-12-04,57390,42711,10.957625351102408,10.662211777281856,0.010756370897588852,-8.425191820418121e-4,0.318304168406792,0.13214764104606402,-0.30754779750920314,-0.13299016022810584
2020-12-05,42775,32418,10.663709098760394,10.386469103072121,-0.29391625234201335,-0.2757426742097344,0.04402023681601186,-0.1945254674516086,-0.3379364891580252,-0.08121720675812583
2020-12-06,37198,28354,10.524010275375073,10.252523392677578,-0.1396988233853218,-0.13394571039454384,-0.11830333520700975,-0.1464840411352597,-0.02139548817831205,0.012538330740715864
2020-12-07,50675,42878,10.8331879713202,10.666114152865877,0.30917769594512734,0.4135907601882991,0.3683073792833689,0.48946592468426964,-0.059129683338241534,-0.07587516449597054
2020-12-08,56720,42790,10.94588216120601,10.664059709410862,0.11269418988580959,-0.0020544434550142654,0.17646443380903776,-0.031100660150228165,-0.06377024392322816,0.0290462166952139
2020-12-09,57622,43100,10.961659718206215,10.671278276091838,0.01577755700020589,0.007218566680975869,0.01903409096950881,0.01401065332267315,-0.0032565339693029216,-0.006792086641697281
2020-12-10,59288,42234,10.990162203631195,10.650980862836187,0.028502485424979795,-0.020297413255651264,0.015495655238694894,0.014800072188233315,0.013006830186284901,-0.03509748544388458
2020-12-11,61194,42593,11.021804424478573,10.659445199506749,0.031642220847377445,0.008464336670561678,0.010756370897588852,-8.425191820418121e-4,0.020885849949788593,0.00930685585260349
2020-12-12,46618,32082,10.749742011626616,10.376050404176787,-0.2720624128519571,-0.28339479532996137,-0.29391625234201335,-0.2757426742097344,0.02185383949005626,-0.007652121120226951
2020-12-13,38726,27030,10.564266488063344,10.204702639270494,-0.18547552356327124,-0.17134776490629378,-0.1396988233853218,-0.13394571039454384,-0.045776700177949436,-0.03740205451174994
2020-12-14,51467,42763,10.848696104567667,10.66342852170508,0.2844296165043225,0.458725882434587,0.30917769594512734,0.4135907601882991,-0.024748079440804815,0.045135122246287906
2020-12-15,60886,43109,11.016758542212896,10.671487070998001,0.16806243764522932,0.008058549292920603,0.11269418988580959,-0.0020544434550142654,0.05536824775941973,0.010112992747934868
2020-12-16,50672,37887,10.83312876877842,10.54236332431428,-0.1836297734344754,-0.12912374668372095,0.01577755700020589,0.007218566680975869,-0.19940733043468128,-0.13634231336469682
2020-12-17,26421,19730,10.181914427473568,9.889895599016661,-0.6512143413048523,-0.652467725297619,0.028502485424979795,-0.020297413255651264,-0.6797168267298321,-0.6321703120419677
2020-12-18,59318,41650,10.990668080241818,10.637056647594989,0.8087536527682495,0.7471610485783273,0.031642220847377445,0.008464336670561678,0.7771114319208721,0.7386967119077656
2020-12-19,44091,32446,10.694010958974793,10.387332447970344,-0.2966571212670246,-0.24972419962464443,-0.2720624128519571,-0.28339479532996137,-0.0245947084150675,0.03367059570531694
2020-12-20,31681,27175,10.363472411086743,10.21005271198941,-0.33053854788805026,-0.1772797359809335,-0.18547552356327124,-0.17134776490629378,-0.14506302432477902,-0.005931971074639719
2020-12-21,51526,41667,10.849841813624668,10.637464727584328,0.4863694025379246,0.4274120155949177,0.2844296165043225,0.458725882434587,0.20193978603360208,-0.0313138668396693
2020-12-22,56169,40605,10.936120282270263,10.611646490716511,0.0862784686455953,-0.025818236867817035,0.16806243764522932,0.008058549292920603,-0.08178396899963403,-0.03387678616073764
2020-12-23,56755,41923,10.94649903718944,10.643589881319775,0.010378754919177169,0.031943390603263566,-0.1836297734344754,-0.12912374668372095,0.19400852835365257,0.16106713728698452
2020-12-24,44483,40232,10.702862372693247,10.6024179778518,-0.2436366644961936,-0.0411719034679745,-0.6512143413048523,-0.652467725297619,0.40757767680865875,0.6112958218296445
2020-12-25,19112,27819,9.858071689005646,10.233474519468336,-0.8447906836876005,-0.3689434583834643,0.8087536527682495,0.7471610485783273,-1.65354433645585,-1.1161045069617916
2020-12-26,28407,29805,10.25439087265161,10.302431443654028,0.3963191836459643,0.06895692418569155,-0.2966571212670246,-0.24972419962464443,0.6929763049129889,0.318681123810336
2020-12-27,25892,25990,10.1616893196654,10.165467127635536,-0.09270155298620963,-0.13696431601849213,-0.33053854788805026,-0.1772797359809335,0.23783699490184063,0.04031541996244137
2020-12-28,40985,37318,10.620961425087131,10.527231062957194,0.45927210542173036,0.3617639353216582,0.4863694025379246,0.4274120155949177,-0.02709729711619424,-0.06564808027325952
2020-12-29,45866,38103,10.733479380823917,10.548048298172429,0.11251795573678613,0.02081723521523493,0.0862784686455953,-0.025818236867817035,0.02623948709119084,0.046635472083051965
2020-12-30,47650,39557,10.771637909082347,10.585497948685157,0.038158528258430024,0.03744965051272864,0.010378754919177169,0.031943390603263566,0.027779773339252856,0.005506259909465072
2020-12-31,44795,41036,10.709851805031679,10.622205009207603,-0.0617861040506682,0.036707060522445545,-0.2436366644961936,-0.0411719034679745,0.1818505604455254,0.07787896399042005
